<?xml version="1.0" encoding="UTF-8"?>
<CustomField xmlns="http://soap.sforce.com/2006/04/metadata">
    <fullName>Tree__c</fullName>
    <externalId>false</externalId>
    <label>Tree</label>
    <referenceTo>Tree__c</referenceTo>
    <relationshipLabel>Tree Plantation</relationshipLabel>
    <relationshipName>Tree_Plantation</relationshipName>
    <relationshipOrder>1</relationshipOrder>
    <reparentableMasterDetail>false</reparentableMasterDetail>
    <trackTrending>false</trackTrending>
    <type>MasterDetail</type>
    <writeRequiresMasterRead>false</writeRequiresMasterRead>
</CustomField>
