{
    "records": [
        {
            "attributes": {
                "type": "Tree_Plantation__c",
                "referenceId": "Tree_Plantation__cRef1"
            },
            "Number_Of_Tree_Planted__c": 3000,
            "Age__c": 23,
            "Tree__c": "@Tree__cRef2",
            "Planted_In__c" : "@City__cRef1"
        },
        {
            "attributes": {
                "type": "Tree_Plantation__c",
                "referenceId": "Tree_Plantation__cRef2"
            },
            "Number_Of_Tree_Planted__c": 3000,
            "Age__c": 3,
            "Tree__c": "@Tree__cRef2",
            "Planted_In__c" : "@City__cRef2"
        },
        {
            "attributes": {
                "type": "Tree_Plantation__c",
                "referenceId": "Tree_Plantation__cRef3"
            },
            "Number_Of_Tree_Planted__c": 760,
            "Age__c": 2,
            "Tree__c": "@Tree__cRef2",
            "Planted_In__c" : "@City__cRef3"
        },
        {
            "attributes": {
                "type": "Tree_Plantation__c",
                "referenceId": "Tree_Plantation__cRef4"
            },
            "Number_Of_Tree_Planted__c": 3000,
            "Age__c": 3,
            "Tree__c": "@Tree__cRef2",
            "Planted_In__c" : "@City__cRef4"
        },
        {
            "attributes": {
                "type": "Tree_Plantation__c",
                "referenceId": "Tree_Plantation__cRef5"
            },
            "Number_Of_Tree_Planted__c": 600,
            "Age__c": 3,
            "Tree__c": "@Tree__cRef1",
            "Planted_In__c" : "@City__cRef1"
        },
        {
            "attributes": {
                "type": "Tree_Plantation__c",
                "referenceId": "Tree_Plantation__cRef6"
            },
            "Number_Of_Tree_Planted__c": 130,
            "Age__c": 2,
            "Tree__c": "@Tree__cRef3",
            "Planted_In__c" : "@City__cRef3"
        },
        {
            "attributes": {
                "type": "Tree_Plantation__c",
                "referenceId": "Tree_Plantation__cRef7"
            },
            "Number_Of_Tree_Planted__c": 180,
            "Age__c": 2,
            "Tree__c": "@Tree__cRef4",
            "Planted_In__c" : "@City__cRef4"
        },
        {
            "attributes": {
                "type": "Tree_Plantation__c",
                "referenceId": "Tree_Plantation__cRef8"
            },
            "Number_Of_Tree_Planted__c": 1080,
            "Age__c": 4,
            "Tree__c": "@Tree__cRef5",
            "Planted_In__c" : "@City__cRef5"
        },
        {
            "attributes": {
                "type": "Tree_Plantation__c",
                "referenceId": "Tree_Plantation__cRef9"
            },
            "Number_Of_Tree_Planted__c": 3000,
            "Age__c": 3,
            "Tree__c": "@Tree__cRef6",
            "Planted_In__c" : "@City__cRef3"
        },
        {
            "attributes": {
                "type": "Tree_Plantation__c",
                "referenceId": "Tree_Plantation__cRef10"
            },
            "Number_Of_Tree_Planted__c": 3000,
            "Age__c": 23,
            "Tree__c": "@Tree__cRef7",
            "Planted_In__c" : "@City__cRef2"
        },
        {
            "attributes": {
                "type": "Tree_Plantation__c",
                "referenceId": "Tree_Plantation__cRef11"
            },
            "Number_Of_Tree_Planted__c": 180,
            "Age__c": 2,
            "Tree__c": "@Tree__cRef8",
            "Planted_In__c" : "@City__cRef1"
        },
        {
            "attributes": {
                "type": "Tree_Plantation__c",
                "referenceId": "Tree_Plantation__cRef12"
            },
            "Number_Of_Tree_Planted__c": 1080,
            "Age__c": 4,
            "Tree__c": "@Tree__cRef8",
            "Planted_In__c" : "@City__cRef3"
        },
        {
            "attributes": {
                "type": "Tree_Plantation__c",
                "referenceId": "Tree_Plantation__cRef13"
            },
            "Number_Of_Tree_Planted__c": 760,
            "Age__c": 2,
            "Tree__c": "@Tree__cRef7",
            "Planted_In__c" : "@City__cRef4"
        },
        {
            "attributes": {
                "type": "Tree_Plantation__c",
                "referenceId": "Tree_Plantation__cRef14"
            },
            "Number_Of_Tree_Planted__c": 600,
            "Age__c": 3,
            "Tree__c": "@Tree__cRef6",
            "Planted_In__c" : "@City__cRef4"
        },
        {
            "attributes": {
                "type": "Tree_Plantation__c",
                "referenceId": "Tree_Plantation__cRef15"
            },
            "Number_Of_Tree_Planted__c": 3000,
            "Age__c": 3,
            "Tree__c": "@Tree__cRef5",
            "Planted_In__c" : "@City__cRef3"
        },
        {
            "attributes": {
                "type": "Tree_Plantation__c",
                "referenceId": "Tree_Plantation__cRef16"
            },
            "Number_Of_Tree_Planted__c": 130,
            "Age__c": 2,
            "Tree__c": "@Tree__cRef4",
            "Planted_In__c" : "@City__cRef2"
        }
    ]
}