<?xml version="1.0" encoding="UTF-8"?>
<CustomApplication xmlns="http://soap.sforce.com/2006/04/metadata">
    <brand>
        <headerColor>#0070D2</headerColor>
        <shouldOverrideOrgTheme>false</shouldOverrideOrgTheme>
    </brand>
    <formFactors>Large</formFactors>
    <isNavAutoTempTabsDisabled>false</isNavAutoTempTabsDisabled>
    <isNavPersonalizationDisabled>false</isNavPersonalizationDisabled>
    <label>Tree Plantation</label>
    <navType>Standard</navType>
    <tabs>Tree_Plantation</tabs>
    <tabs>Tree__c</tabs>
    <tabs>Tree_Plantation__c</tabs>
    <tabs>City__c</tabs>
    <uiType>Lightning</uiType>
    <utilityBar>Tree_Plantation_UtilityBar</utilityBar>
</CustomApplication>
